Liste des sujets et des objectifs,Brocoli ü•¶,Certif
,,
1. Accidents vasculaires c√©r√©braux.,5,Neuro
2. Ad√©nopathies superficielles.,1,Hemato
3. An√©mies.,5,Hemato
"4. Appendicite aigu√´. Etiopathog√©nie, Diagnostic, Orientations th√©rapeutiques ",1,Chir
"5. Arr√™t cardio-circulatoire. Physiopathologie, Diagnostic, Traitement. ",1,Rea
"6. Arthrite septique. Physiopathologie, Diagnostic, Traitement. ",1,Ortho/rhum
"7. Asthme de l‚Äôadulte et de l‚Äôenfant. Etiopathog√©nie, Physiopathologie, Diagnostic, Formes graves, Traitement. ",5,Pneumo
"8. Bronchiolites du nourrisson. Diagnostic, traitement. ",1,Psychiatrie
"9. Bronchopneumopathies chroniques obstructives. Etiopathog√©nie, Diagnostic, traitement. ",5,Pneumo
"10.Br√ªlures cutan√©es r√©centes. Physiopathologie, Prise en charge initiale. ",2,Rea
"11.Cancer broncho-pulmonaire. Etiopathog√©nie, Diagnostic, Orientations Th√©rapeutiques. ",4,Pneumo
"12.Cancer du cavum. Etiopathog√©nie, Diagnostic, Orientations Th√©rapeutiques. ",5,Orl/ophtalmo
"13.Cancer du col de l‚Äôut√©rus Etiopathog√©nie, Diagnostic, Orientations Th√©rapeutiques. ",5,Gyn√©co
"14.Cancer du sein.  Etiopathog√©nie, Diagnostic, Orientations Th√©rapeutiques. ",5,Gyn√©co
"15.Cancers colorectaux. Etiopathog√©nie, Diagnostic, Orientations Th√©rapeutiques. ",5,Chir
"16.C√©phal√©es. Physiopathologie, Orientation Diagnostique. ",1,Neuro
17.Coma. Orientations Diagnostiques.,1,Rea
"18.Contraception. Bases scientifiques, modalit√©s pratiques. ",3,Gyn√©co
"19.D√©shydratations aigu√´s de l‚Äôenfant. Physiopathologie, Diagnostic, Traitement. ",2,P√©diatrie
"20.Diab√®te sucr√©. Epid√©miologie, Etiopathog√©nie, Diagnostic, Complications, Traitement. ",5,Endocrino
"21.Diarrh√©es chroniques. Physiopathologie, Diagnostic. ",5,Gastro
22.Douleurs thoraciques aigu√´s. Orientation Diagnostique.,3,Cardio
"23.Dyslipid√©mies. Epid√©miologie, Physiopathologie, Diagnostic, Traitement. ",5,Endocrino
24.Dysphagies. Orientation diagnostique.,2,Orl/ophtalmo
"25.Endocardites infectieuses. Physiopathologie, Diagnostic, Pr√©vention, Traitement. ",3,Cardio
"26.Epilepsies. Diagnostic, traitement. ",2,Neuro
"27.Etat de choc cardiog√©nique. Etiopathog√©nie, Physiopathologie, Diagnostic, Traitement. ",2,Rea
"28.Etat de choc h√©morragique.  Etiopathog√©nie, Physiopathologie, Diagnostic, Traitement. ",1,Rea
29.Etats confusionnels. Orientation Diagnostique.,1,Psychiatrie
"30.Etats septiques graves.  Classification, Etiopathog√©nie, Diagnostic, Orientations th√©rapeutiques. ",4,Rea
"31.Fractures ouvertes de la jambe. Physiopathologie, Diagnostic, Orientations th√©rapeutiques. ",1,Ortho/rhum
"32.Grossesse extra-ut√©rine. Etiopathog√©nie, Diagnostic, Orientations th√©rapeutiques. ",3,Gyn√©co
"33.H√©maturies. Physiopathologie, Orientation Diagnostique, Traitement dans les situations d‚Äôurgence. ",3,Nephro
"34.H√©morragies digestives. Physiopathologie, Diagnostic, Traitement. ",3,Chir
"35.H√©patites virales. Epid√©miologie, Etiopathog√©nie, Physiopathologie, Diagnostic, Traitement. ",5,Gastro
"36.Hydatidoses h√©patiques et pulmonaires. Epid√©miologie, Etiopathog√©nie, Diagnostic, Orientations th√©rapeutiques. ",5,Chir
"37.Hypercalc√©mies.  Physiopathologie, Orientation diagnostque, Traitement. ",3,Endocrino
"38.Hypertension art√©rielle. Epid√©miologie, Physiopathologie, Ethiopathog√©nie, Diagnostic, Complications, Traitement. ",5,Cardio
"39.Hyperthyro√Ødies. Physiopathologie, Diagnostic, Traitement. ",3,Endocrino
"40.Hypothyro√Ødies de l‚Äôenfant et de l‚Äôadulte. Physiopathologie, Diagnostic, Traitement. ",4,Endocrino
"41.Ict√®res.  Physiopathologie, Diagnostic. ",4,Gastro
"42.Infections des voies a√©riennes sup√©rieures. Diagnostic, Traitement. ",2,Orl/ophtalmo
"43.Infections respiratoires basses communautaires. Facteurs de risque, Diagnostic, Traitement. ",1,Pneumo
"44.Infections sexuellement transmissibles. Etiopathog√©nie, Diagnostic, Traitement. ",4,Infectieux
"45.Infections urinaires. Epid√©miologie, Physiopathologie, Diagnostic, Traitement. ",4,Uro
"46.Insuffisance r√©nale aigu√´. Etiopathog√©nie, Physiopathologie, Diagnostic, Traitement. ",3,Nephro
"47.Insuffisance surr√©nalienne aigu√´. Physiopathologie, Diagnostic, Traitement. ",2,Endocrino
"48.Intoxications par le CO, les organophosphor√©s et les psychotropes. Physiopathologie, Diagnostic, ",4,Rea
"49.Isch√©mie aigu√´s des membres.  Physiopathologie, Diagnostic, Orientations th√©rapeutiques. ",3,Cardio
"50.Lithiase urinaire. Etiopathog√©nie, Physiopathologie, Diagnostic, Traitement. ",4,Uro
"51.Maladies veineuses thrombo-emboliques. Physiopathologie, Diagnostic, Traitement. ",4,Cardio
"52.M√©ningites bact√©riennes et virales. Etiopathog√©nie, Diagnostic, Traitement. ",4,Infectieux
53.M√©trorragies. Orientation Diagnostique.,2,Gyn√©co
"54.Occlusions intestinales aigu√´s.  Physiopathologie, Diagnostic, Orientations th√©rapeutiques. ",2,Chir
"55.≈íd√®mes. Etiopathog√©nie, Physiopathologie, Diagnostic. ",2,Nephro
56.≈íil rouge. Orientation Diagnostique.,1,Orl/ophtalmo
"57.P√©ritonites aigu√´s. Physiopathologie, Diagnostic, Orientations th√©rapeutiques. ",1,Chir
"58.Polyarthrite rhumato√Øde. Etiopathog√©nie, Diagnostic. ",3,Ortho/rhum
"59.Polytraumatisme. Physiopathologie, Diagnostic, Orientations th√©rapeutiques. ",1,Rea
"60.Pr√©√©clampsies et Eclampsies. Physiopathologie, Diagnostic, Traitement. ",3,Gyn√©co
"61.Prise en charge de la douleur aigu√´. Evaluation, Traitement. ",2,Rea
"62.Purpuras. Etiopathog√©nie, Physiopathologie, Diagnostic, Traitement. ",3,Hemato
"63.Schizophr√©nie. Diagnostic, Orientations th√©rapeutiques. ",3,Psychiatrie
"64.Spl√©nom√©galies. Physiopathologie, Diagnostic. ",1,Hemato
"65.Syndromes coronariens aigus Physiopathologie, Diagnostic, Traitement. ",4,Cardio
"66.Transfusion sanguine. Bases immuno-h√©matologiques, Indications, Complications. ",2,Hemato
"67.Traumatisme cr√¢nien. Physiopathologie, Diagnostic, Orientations th√©rapeutiques. ",3,Rea
"68.Troubles acido-basiques. Physiopathologie, Diagnostic. ",3,Nephro
"69.Troubles anxieux. Diagnostic, Traitement. ",3,Psychiatrie
"70.Troubles de l‚Äôhumeur. Diagnostic, traitement. ",3,Psychiatrie
71. A - Troubles de l‚Äôhydratation.,4,Nephro
71. B - Dyskali√©mies.,3,Nephro
"72.Tuberculose pulmonaire commune. Epid√©miologie, Etiopathog√©nie, Diagnostic, Traitement. ",2,Pneumo
"73.Tumeurs de la prostate. Etiopathog√©nie, Diagnostic, Orientations th√©rapeutiques. ",5,Uro
74.Ulc√®re gastrique et duod√©nal.,3,Gastro
75.Vaccinations.,2,P√©diatrie